id,label
0,Z
1,Y
2,G
3,[
4,\
5,i
6,`
7,Q
8,T
9,Y
10,T
11,V
12,L
13,A
14,A
15,U
16,g
17,Y
18,S
19,_
20,U
21,V
22,R
23,j
24,Q
25,^
26,q
27,W
28,Y
29,]
30,Y
31,b
32,[
33,D
34,D
35,F
36,S
37,`
38,M
39,V
40,S
41,]
42,[
43,]
44,]
45,c
46,L
47,W
48,G
49,O
50,^
51,e
52,\
53,P
54,X
55,L
56,Q
57,J
58,H
59,O
60,F
61,_
62,\
63,[
64,H
65,J
66,c
67,]
68,X
69,m
70,^
71,B
72,]
73,^
74,T
75,b
76,a
77,N
78,i
79,S
80,]
81,W
82,b
83,V
84,U
85,E
86,U
87,G
88,X
89,R
90,H
91,Y
92,g
93,G
94,_
95,V
96,h
97,M
98,W
99,E
100,l
101,[
102,E
103,Y
104,^
105,m
106,j
107,Q
108,^
109,b
110,Q
111,T
112,H
113,^
114,G
115,J
116,J
117,S
118,U
119,o
120,a
121,O
122,T
123,_
124,K
125,a
126,V
127,L
128,U
129,]
130,R
131,]
132,\
133,M
134,i
135,P
136,_
137,]
138,U
139,T
140,Y
141,g
142,R
143,Q
144,Z
145,D
146,j
147,k
148,Q
149,U
150,T
151,W
152,m
153,W
154,Z
155,o
156,g
157,\
158,L
159,`
160,N
161,W
162,\
163,M
164,F
165,W
166,e
167,]
168,j
169,Y
170,[
171,[
172,O
173,Y
174,X
175,W
176,c
177,b
178,Q
179,^
180,W
181,g
182,T
183,Z
184,\
185,G
186,\
187,`
188,]
189,F
190,G
191,H
192,B
193,]
194,V
195,P
196,M
197,I
198,K
199,]
200,P
201,_
202,V
203,J
204,X
205,K
206,I
207,^
208,W
209,g
210,W
211,^
212,X
213,N
214,H
215,P
216,B
217,Y
218,I
219,_
220,T
221,n
222,S
223,^
224,F
225,P
226,Z
227,R
228,G
229,k
230,T
231,\
232,Q
233,^
234,U
235,k
236,K
237,V
238,h
239,E
240,h
241,o
242,Z
243,T
244,b
245,g
246,D
247,F
248,l
249,U
250,H
251,c
252,^
253,N
254,V
255,N
256,\
257,f
258,H
259,d
260,F
261,O
262,]
263,V
264,c
265,Y
266,I
267,^
268,J
269,N
270,N
271,G
272,b
273,W
274,W
275,\
276,Y
277,\
278,G
279,n
280,b
281,^
282,[
283,e
284,J
285,c
286,J
287,_
288,]
289,V
290,X
291,[
292,U
293,l
294,b
295,g
296,S
297,T
298,U
299,C
300,^
301,W
302,`
303,e
304,W
305,Y
306,U
307,h
308,p
309,J
310,Q
311,d
312,j
313,D
314,Z
315,T
316,E
317,h
318,^
319,]
320,k
321,U
322,O
323,h
324,W
325,f
326,^
327,N
328,I
329,Q
330,J
331,Y
332,N
333,Z
334,I
335,T
336,U
337,V
338,h
339,n
340,G
341,W
342,c
343,V
344,e
345,j
346,C
347,X
348,e
349,b
350,U
351,l
352,F
353,U
354,k
355,Y
356,X
357,d
358,Q
359,V
360,S
361,F
362,V
363,G
364,Q
365,W
366,R
367,Y
368,R
369,_
370,O
371,V
372,\
373,X
374,f
375,i
376,A
377,N
378,h
379,D
380,R
381,H
382,R
383,P
384,T
385,K
386,f
387,L
388,m
389,I
390,]
391,T
392,K
393,a
394,\
395,X
396,\
397,]
398,Y
399,e
400,J
401,V
402,e
403,^
404,^
405,X
406,Y
407,M
408,G
409,[
410,b
411,C
412,X
413,H
414,i
415,^
416,k
417,S
418,i
419,I
420,^
421,S
422,V
423,M
424,p
425,^
426,F
427,P
428,]
429,[
430,^
431,d
432,d
433,c
434,X
435,M
436,W
437,a
438,g
439,R
440,R
441,T
442,V
443,Q
444,[
445,L
446,V
447,V
448,H
449,_
450,f
451,X
452,Y
453,X
454,Q
455,f
456,J
457,C
458,L
459,S
460,E
461,G
462,L
463,`
464,V
465,b
466,X
467,M
468,S
469,J
470,U
471,Q
472,I
473,k
474,_
475,S
476,m
477,I
478,T
479,c
480,Q
481,S
482,X
483,G
484,I
485,]
486,`
487,J
488,Y
489,T
490,V
491,R
492,W
493,Z
494,G
495,R
496,T
497,M
498,I
499,V
500,Y
501,A
502,k
503,S
504,\
505,S
506,[
507,j
508,N
509,\
510,P
511,^
512,U
513,[
514,o
515,Z
516,M
517,^
518,K
519,_
520,K
521,X
522,X
523,_
524,Q
525,P
526,e
527,Z
528,h
529,W
530,_
531,K
532,B
533,Y
534,W
535,[
536,O
537,X
538,c
539,Q
540,i
541,R
542,[
543,U
544,L
545,K
546,X
547,]
548,W
549,D
550,A
551,O
552,M
553,T
554,P
555,h
556,T
557,i
558,c
559,W
560,P
561,e
562,Y
563,R
564,M
565,N
566,W
567,H
568,G
569,W
570,V
571,M
572,X
573,V
574,G
575,o
576,L
577,k
578,V
579,Z
580,b
581,h
582,D
583,X
584,X
585,X
586,C
587,\
588,j
589,S
590,N
591,M
592,[
593,h
594,Y
595,_
596,j
597,E
598,Q
599,Y
600,X
601,B
602,H
603,R
604,V
605,d
606,Z
607,g
608,I
609,R
610,T
611,S
612,N
613,b
614,c
615,]
616,C
617,g
618,_
619,B
620,Z
621,d
622,E
623,Q
624,I
625,Y
626,S
627,U
628,O
629,X
630,X
631,]
632,n
633,J
634,Z
635,i
636,U
637,`
638,G
639,[
640,i
641,\
642,d
643,Z
644,Q
645,d
646,U
647,F
648,U
649,[
650,R
651,i
652,b
653,P
654,i
655,a
656,H
657,a
658,Y
659,R
660,B
661,g
662,b
663,P
664,j
665,O
666,W
667,M
668,R
669,X
670,P
671,j
672,c
673,_
674,J
675,U
676,U
677,S
678,L
679,c
680,I
681,E
682,D
683,E
684,M
685,U
686,\
687,b
688,\
689,f
690,S
691,O
692,X
693,n
694,]
695,d
696,R
697,M
698,X
699,O
700,J
701,Y
702,N
703,P
704,Y
705,X
706,R
707,[
708,W
709,S
710,I
711,C
712,c
713,D
714,X
715,P
716,T
717,L
718,d
719,Y
720,U
721,L
722,_
723,[
724,H
725,Y
726,e
727,k
728,j
729,a
730,V
731,Z
732,X
733,[
734,a
735,T
736,U
737,g
738,J
739,^
740,k
741,\
742,l
743,j
744,B
745,m
746,S
747,Z
748,\
749,e
750,^
751,i
752,a
753,L
754,M
755,U
756,C
757,V
758,T
759,V
760,N
761,N
762,Z
763,Y
764,F
765,Q
766,L
767,Y
768,W
769,P
770,m
771,[
772,`
773,W
774,R
775,b
776,g
777,G
778,]
779,[
780,V
781,L
782,R
783,D
784,_
785,Y
786,V
787,M
788,F
789,h
790,]
791,L
792,R
793,Y
794,S
795,O
796,Y
797,e
798,b
799,E
800,d
801,[
802,F
803,M
804,S
805,]
806,Y
807,m
808,a
809,C
810,d
811,F
812,R
813,S
814,Y
815,i
816,G
817,[
818,R
819,Y
820,i
821,R
822,b
823,Y
824,R
825,A
826,E
827,]
828,a
829,S
830,\
831,K
832,W
833,P
834,[
835,Q
836,[
837,N
838,G
839,Y
840,J
841,b
842,\
843,V
844,N
845,H
846,l
847,R
848,C
849,g
850,A
851,I
852,B
853,^
854,T
855,n
856,^
857,N
858,[
859,Z
860,^
861,b
862,G
863,^
864,h
865,_
866,S
867,I
868,_
869,M
870,N
871,S
872,Z
873,_
874,j
875,P
876,U
877,Z
878,\
879,G
880,Q
881,I
882,\
883,Y
884,J
885,W
886,S
887,R
888,I
889,i
890,U
891,^
892,T
893,M
894,W
895,V
896,j
897,I
898,Z
899,T
900,_
901,q
902,b
903,H
904,m
905,f
906,b
907,H
908,U
909,e
910,Y
911,c
912,R
913,j
914,W
915,d
916,K
917,M
918,e
919,K
920,`
921,I
922,d
923,U
924,W
925,Q
926,[
927,I
928,T
929,k
930,m
931,T
932,\
933,K
934,T
935,N
936,S
937,K
938,Z
939,S
940,N
941,X
942,i
943,g
944,S
945,i
946,R
947,U
948,]
949,R
950,V
951,]
952,G
953,n
954,]
955,E
956,S
957,\
958,W
959,Q
960,m
961,E
962,I
963,c
964,g
965,Z
966,R
967,Q
968,[
969,W
970,\
971,I
972,K
973,T
974,U
975,d
976,e
977,[
978,[
979,G
980,Y
981,L
982,Y
983,A
984,]
985,X
986,F
987,C
988,S
989,[
990,W
991,M
992,R
993,p
994,D
995,]
996,W
997,X
998,M
999,O
1000,I
1001,N
1002,E
1003,_
1004,a
1005,_
1006,]
1007,H
1008,]
1009,Y
1010,Y
1011,Y
1012,S
1013,a
1014,D
1015,m
1016,[
1017,^
1018,Z
1019,]
1020,e
1021,a
1022,i
1023,D
1024,M
1025,R
1026,b
1027,G
1028,U
1029,T
1030,c
1031,a
1032,a
1033,Z
1034,j
1035,U
1036,^
1037,e
1038,^
1039,i
1040,R
1041,l
1042,Y
1043,M
1044,N
1045,S
1046,X
1047,W
1048,O
1049,R
1050,Q
1051,N
1052,U
1053,X
1054,T
1055,_
1056,V
1057,X
1058,G
1059,N
1060,U
1061,Y
1062,U
1063,T
1064,b
1065,J
1066,U
1067,B
1068,N
1069,M
1070,i
1071,[
1072,G
1073,M
1074,W
1075,Z
1076,^
1077,W
1078,M
1079,^
1080,c
1081,Z
1082,g
1083,e
1084,U
1085,P
1086,\
1087,d
1088,X
1089,N
1090,V
1091,[
1092,b
1093,W
1094,k
1095,\
1096,f
1097,Y
1098,N
1099,n
1100,G
1101,G
1102,S
1103,b
1104,L
1105,f
1106,N
1107,b
1108,G
1109,N
1110,W
1111,U
1112,J
1113,Y
1114,B
1115,[
1116,O
1117,i
1118,Y
1119,Y
1120,R
1121,S
1122,m
1123,G
1124,D
1125,^
1126,e
1127,H
1128,c
1129,C
1130,U
1131,F
1132,]
1133,M
1134,g
1135,V
1136,O
1137,_
1138,R
1139,M
1140,e
1141,j
1142,^
1143,X
1144,_
1145,C
1146,F
1147,Q
1148,o
1149,Y
1150,G
1151,Q
1152,m
1153,V
1154,p
1155,V
1156,h
1157,Z
1158,o
1159,T
1160,R
1161,V
1162,]
1163,Z
1164,S
1165,X
1166,Z
1167,i
1168,M
1169,P
1170,X
1171,T
1172,f
1173,e
1174,V
1175,M
1176,[
1177,S
1178,j
1179,J
1180,W
1181,o
1182,I
1183,Z
1184,G
1185,T
1186,^
1187,K
1188,a
1189,h
1190,M
1191,J
1192,H
1193,S
1194,]
1195,X
1196,[
1197,R
1198,K
1199,F
1200,T
1201,W
1202,f
1203,L
1204,H
1205,Z
1206,S
1207,a
1208,T
1209,L
1210,a
1211,Y
1212,W
1213,H
1214,W
1215,S
1216,D
1217,H
1218,F
1219,d
1220,X
1221,E
1222,L
1223,i
1224,b
1225,g
1226,K
1227,]
1228,L
1229,S
1230,\
1231,[
1232,P
1233,M
1234,R
1235,^
1236,S
1237,T
1238,]
1239,^
1240,d
1241,\
1242,Y
1243,L
1244,S
1245,H
1246,U
1247,Q
1248,k
1249,n
1250,_
1251,Y
1252,T
1253,Z
1254,d
1255,Y
1256,f
1257,i
1258,Y
1259,Q
1260,V
1261,M
1262,a
1263,S
1264,L
1265,Q
1266,h
1267,H
1268,e
1269,R
1270,O
1271,f
1272,D
1273,H
1274,k
1275,R
1276,b
1277,V
1278,S
1279,Q
1280,L
1281,b
1282,I
1283,j
1284,G
1285,_
1286,D
1287,e
1288,l
1289,f
1290,k
1291,K
1292,V
1293,X
1294,D
1295,Q
1296,g
1297,F
1298,M
1299,`
1300,V
1301,n
1302,U
1303,T
1304,d
1305,^
1306,]
1307,X
1308,W
1309,E
1310,H
1311,`
1312,e
1313,^
1314,Z
1315,Q
1316,R
1317,V
1318,R
1319,Y
1320,N
1321,l
1322,P
1323,W
1324,_
1325,I
1326,^
1327,e
1328,R
1329,S
1330,Y
1331,D
1332,X
1333,R
1334,R
1335,f
1336,P
1337,V
1338,[
1339,_
1340,Q
1341,\
1342,G
1343,T
1344,G
1345,Z
1346,Q
1347,X
1348,o
1349,R
1350,Y
1351,I
1352,[
1353,\
1354,N
1355,[
1356,V
1357,a
1358,[
1359,^
1360,V
1361,g
1362,j
1363,f
1364,E
1365,U
1366,X
1367,j
1368,U
1369,K
1370,`
1371,e
1372,k
1373,R
1374,Q
1375,[
1376,[
1377,Z
1378,X
1379,b
1380,Q
1381,K
1382,J
1383,V
1384,V
1385,E
1386,M
1387,Y
1388,j
1389,^
1390,h
1391,b
1392,c
1393,e
1394,M
1395,Z
1396,^
1397,Y
1398,i
1399,b
1400,T
1401,B
1402,Q
1403,I
1404,c
1405,N
1406,b
1407,P
1408,c
1409,W
1410,f
1411,`
1412,J
1413,W
1414,E
1415,Y
1416,B
1417,\
1418,o
1419,`
1420,[
1421,O
1422,`
1423,k
1424,[
1425,]
1426,[
1427,O
1428,L
1429,W
1430,^
1431,`
1432,O
1433,Q
1434,W
1435,X
1436,p
1437,N
1438,]
1439,W
1440,E
1441,]
1442,E
1443,M
1444,I
1445,P
1446,^
1447,_
1448,S
1449,X
1450,V
1451,A
1452,T
1453,^
1454,C
1455,f
1456,j
1457,e
1458,P
1459,O
1460,L
1461,O
1462,i
1463,b
1464,E
1465,b
1466,D
1467,S
1468,V
1469,R
1470,Z
1471,F
1472,R
1473,J
1474,[
1475,T
1476,H
1477,H
1478,_
1479,W
1480,k
1481,Z
1482,J
1483,M
1484,M
1485,I
1486,B
1487,e
1488,D
1489,h
1490,C
1491,X
1492,G
1493,F
1494,S
1495,U
1496,c
1497,H
1498,E
1499,O
1500,G
1501,I
1502,Q
1503,b
1504,H
1505,H
1506,Y
1507,]
1508,N
1509,Z
1510,D
1511,N
1512,E
1513,K
1514,R
1515,O
1516,I
1517,P
1518,\
1519,Y
1520,R
1521,^
1522,F
1523,`
1524,h
1525,d
1526,R
1527,d
1528,R
1529,j
1530,O
1531,Q
1532,R
1533,Z
1534,^
1535,[
1536,q
1537,X
1538,]
1539,Q
1540,S
1541,g
1542,[
1543,f
1544,V
1545,U
1546,X
1547,U
1548,Y
1549,W
1550,O
1551,K
1552,U
1553,h
1554,J
1555,^
1556,B
1557,Y
1558,T
1559,N
1560,Z
1561,^
1562,U
1563,N
1564,e
1565,G
1566,J
1567,S
1568,D
1569,H
1570,c
1571,U
1572,J
1573,D
1574,L
1575,^
1576,n
1577,D
1578,W
1579,]
1580,Z
1581,G
1582,R
1583,a
1584,C
1585,V
1586,Z
1587,k
1588,S
1589,U
1590,L
1591,b
1592,^
1593,X
1594,T
1595,k
1596,`
1597,b
1598,m
1599,X
1600,Y
1601,Y
1602,a
1603,c
1604,a
1605,X
1606,U
1607,Q
1608,V
1609,R
1610,L
1611,R
1612,_
1613,V
1614,Q
1615,\
1616,R
1617,e
1618,D
1619,I
1620,S
1621,W
1622,P
1623,T
1624,^
1625,U
1626,Y
1627,d
1628,e
1629,`
1630,O
1631,f
1632,Q
1633,J
1634,]
1635,f
1636,]
1637,f
1638,S
1639,f
1640,W
1641,W
1642,X
1643,Z
1644,X
1645,E
1646,X
1647,I
1648,U
1649,U
1650,I
1651,b
1652,L
1653,g
1654,S
1655,`
1656,F
1657,\
1658,h
1659,`
1660,Y
1661,L
1662,N
1663,^
1664,U
1665,Y
1666,Q
1667,G
1668,S
1669,T
1670,P
1671,J
1672,]
1673,S
1674,L
1675,R
1676,i
1677,X
1678,F
1679,G
1680,T
1681,f
1682,B
1683,a
1684,X
1685,^
1686,H
1687,\
1688,U
1689,d
1690,^
1691,d
1692,G
1693,O
1694,R
1695,P
1696,X
1697,H
1698,Q
1699,K
1700,G
1701,U
1702,]
1703,O
1704,H
1705,I
1706,Q
1707,N
1708,M
1709,e
1710,V
1711,a
1712,U
1713,Z
1714,c
1715,Z
1716,\
1717,X
1718,N
1719,e
1720,S
1721,c
1722,P
1723,Z
1724,[
1725,\
1726,I
1727,\
1728,^
1729,Z
1730,h
1731,X
1732,G
1733,V
1734,R
1735,O
1736,g
1737,V
1738,b
1739,H
1740,a
1741,M
1742,Y
1743,Z
1744,S
1745,S
1746,Z
1747,_
1748,V
1749,G
1750,`
1751,^
1752,]
1753,M
1754,N
1755,]
1756,m
1757,M
1758,]
1759,e
1760,^
1761,Y
1762,Y
1763,d
1764,\
1765,M
1766,T
1767,U
1768,g
1769,N
1770,a
1771,_
1772,f
1773,Q
1774,I
1775,[
1776,X
1777,]
1778,T
1779,g
1780,U
1781,b
1782,`
1783,S
1784,E
1785,a
1786,C
1787,G
1788,`
1789,f
1790,Y
1791,G
1792,H
1793,i
1794,`
1795,Z
1796,O
1797,m
1798,P
1799,\
1800,Z
1801,Y
1802,Z
1803,`
1804,J
1805,_
1806,G
1807,c
1808,Y
1809,U
1810,`
1811,b
1812,T
1813,Y
1814,c
1815,^
1816,`
1817,n
1818,V
1819,G
1820,M
1821,M
1822,g
1823,\
1824,X
1825,^
1826,O
1827,`
1828,R
1829,P
1830,f
1831,C
1832,W
1833,l
1834,K
1835,^
1836,J
1837,H
1838,[
1839,U
1840,f
1841,M
1842,H
1843,W
1844,N
1845,S
1846,\
1847,J
1848,R
1849,b
1850,V
1851,S
1852,W
1853,H
1854,H
1855,Z
1856,Y
1857,W
1858,E
1859,\
1860,J
1861,Z
1862,H
1863,I
1864,g
1865,O
1866,S
1867,J
1868,]
1869,]
1870,M
1871,J
1872,U
1873,N
1874,U
1875,H
1876,m
1877,Q
1878,c
1879,^
1880,_
1881,M
1882,l
1883,P
1884,F
1885,V
1886,k
1887,I
1888,W
1889,P
1890,U
1891,E
1892,S
1893,R
1894,f
1895,_
1896,X
1897,O
1898,^
1899,X
1900,H
1901,Q
1902,a
1903,L
1904,G
1905,k
1906,F
1907,g
1908,`
1909,T
1910,`
1911,N
1912,a
1913,H
1914,b
1915,h
1916,h
1917,K
1918,]
1919,V
1920,F
1921,I
1922,K
1923,X
1924,V
1925,e
1926,S
1927,j
1928,Q
1929,q
1930,V
1931,X
1932,c
1933,f
1934,Y
1935,K
1936,O
1937,O
1938,G
1939,O
1940,c
1941,T
1942,A
1943,]
1944,K
1945,\
1946,Y
1947,e
1948,R
1949,W
1950,Y
1951,X
1952,S
1953,`
1954,^
1955,M
1956,E
1957,b
1958,[
1959,Z
1960,T
1961,F
1962,Y
1963,H
1964,O
1965,V
1966,a
1967,N
1968,M
1969,n
1970,f
1971,^
1972,_
1973,U
1974,e
1975,d
1976,c
1977,b
1978,T
1979,`
1980,P
1981,^
1982,[
1983,]
1984,X
1985,S
1986,J
1987,V
1988,[
1989,R
1990,R
1991,U
1992,b
1993,^
1994,W
1995,_
1996,\
1997,G
1998,J
1999,Z
2000,D
2001,K
2002,Z
2003,\
2004,a
2005,X
2006,N
2007,_
2008,V
2009,d
2010,A
2011,X
2012,J
2013,Q
2014,a
2015,T
2016,T
2017,c
2018,Y
2019,h
2020,W
2021,Q
2022,B
2023,M
2024,T
2025,I
2026,Q
2027,K
2028,A
2029,\
2030,X
2031,W
2032,Z
2033,G
2034,V
2035,H
2036,f
2037,O
2038,V
2039,Q
2040,S
2041,[
2042,[
2043,`
2044,M
2045,_
2046,d
2047,T
2048,Y
2049,C
2050,f
2051,X
2052,X
2053,b
2054,J
2055,Z
2056,W
2057,X
2058,T
2059,h
2060,P
2061,P
2062,Z
2063,]
2064,W
2065,`
2066,a
2067,W
2068,W
2069,\
2070,d
2071,]
2072,P
2073,X
2074,N
2075,]
2076,P
2077,P
2078,R
2079,i
2080,V
2081,a
2082,U
2083,M
2084,`
2085,K
2086,_
2087,A
2088,i
2089,P
2090,^
2091,U
2092,N
2093,L
2094,f
2095,b
2096,B
2097,R
2098,N
2099,R
2100,C
2101,P
2102,W
2103,X
2104,X
2105,Q
2106,]
2107,M
2108,Y
2109,b
2110,O
2111,I
2112,Z
2113,]
2114,V
2115,R
2116,L
2117,G
2118,D
2119,o
2120,\
2121,B
2122,T
2123,\
2124,f
2125,V
2126,W
2127,l
2128,j
2129,]
2130,_
2131,]
2132,_
2133,]
2134,D
2135,F
2136,f
2137,U
2138,T
2139,g
2140,Y
2141,K
2142,]
2143,I
2144,N
2145,]
2146,W
2147,h
2148,K
2149,V
2150,U
2151,J
2152,Y
2153,\
2154,b
2155,W
2156,P
2157,\
2158,X
2159,W
2160,K
2161,P
2162,T
2163,R
2164,W
2165,e
2166,R
2167,d
2168,Y
2169,f
2170,[
2171,H
2172,k
2173,^
2174,Z
2175,c
2176,T
2177,i
2178,N
2179,f
2180,f
2181,Y
2182,H
2183,Z
2184,i
2185,R
2186,`
2187,p
2188,U
2189,J
2190,Z
2191,\
2192,e
2193,c
2194,H
2195,]
2196,^
2197,^
2198,Y
2199,H
2200,Z
2201,L
2202,Z
2203,Q
2204,T
2205,H
2206,H
2207,V
2208,]
2209,d
2210,[
2211,P
2212,T
2213,R
2214,G
2215,X
2216,h
2217,G
2218,W
2219,T
2220,T
2221,a
2222,L
2223,R
2224,[
2225,n
2226,H
2227,J
2228,W
2229,\
2230,R
2231,X
2232,U
2233,[
2234,S
2235,]
2236,J
2237,j
2238,Y
2239,V
2240,S
2241,R
2242,[
2243,V
2244,W
2245,E
2246,^
2247,Z
2248,h
2249,b
2250,L
2251,D
2252,h
2253,[
2254,m
2255,V
2256,G
2257,P
2258,S
2259,Z
2260,U
2261,S
2262,T
2263,O
2264,S
2265,c
2266,S
2267,C
2268,Q
2269,Y
2270,b
2271,d
2272,Z
2273,f
2274,R
2275,U
2276,X
2277,T
2278,K
2279,X
2280,U
2281,_
2282,U
2283,b
2284,X
2285,T
2286,k
2287,X
2288,]
2289,N
2290,F
2291,H
2292,Y
2293,T
2294,b
2295,T
2296,W
2297,]
2298,b
2299,G
2300,i
2301,c
2302,g
2303,\
2304,X
2305,W
2306,a
2307,Y
2308,D
2309,h
2310,Y
2311,d
2312,Z
2313,a
2314,b
2315,L
2316,W
2317,l
2318,Z
2319,^
2320,R
2321,X
2322,c
2323,Z
2324,Q
2325,k
2326,O
2327,E
2328,b
2329,`
2330,W
2331,Q
2332,P
2333,G
2334,]
2335,W
2336,^
2337,k
2338,B
2339,W
2340,V
2341,b
2342,D
2343,`
2344,i
2345,[
2346,F
2347,R
2348,I
2349,Z
2350,i
2351,W
2352,Y
2353,D
2354,_
2355,U
2356,X
2357,V
2358,k
2359,b
2360,a
2361,K
2362,i
2363,`
2364,Q
2365,f
2366,K
2367,M
2368,e
2369,Q
2370,J
2371,X
2372,j
2373,S
2374,i
2375,j
2376,^
2377,\
2378,j
2379,j
2380,Q
2381,`
2382,R
2383,T
2384,F
2385,Y
2386,N
2387,V
2388,G
2389,d
2390,T
2391,f
2392,P
2393,E
2394,U
2395,[
2396,N
2397,X
2398,f
2399,Q
2400,L
2401,L
2402,X
2403,k
2404,X
2405,i
2406,X
2407,^
2408,[
2409,O
2410,W
2411,j
2412,P
2413,g
2414,P
2415,G
2416,S
2417,e
2418,]
2419,i
2420,U
2421,O
2422,V
2423,X
2424,`
2425,\
2426,j
2427,[
2428,b
2429,^
2430,I
2431,W
2432,\
2433,^
2434,I
2435,W
2436,P
2437,S
2438,d
2439,G
2440,i
2441,Q
2442,N
2443,Y
2444,c
2445,U
2446,G
2447,c
2448,_
2449,`
2450,U
2451,F
2452,W
2453,J
2454,N
2455,M
2456,_
2457,_
2458,U
2459,W
2460,T
2461,l
2462,]
2463,Y
2464,c
2465,Z
2466,Y
2467,S
2468,K
2469,G
2470,J
2471,b
2472,U
2473,L
2474,T
2475,k
2476,T
2477,g
2478,Q
2479,d
2480,Z
2481,Y
2482,j
2483,T
2484,T
2485,g
2486,Z
2487,d
2488,G
2489,Q
2490,J
2491,R
2492,^
2493,W
2494,c
2495,Y
2496,Z
2497,_
2498,F
2499,V
2500,P
2501,d
2502,S
2503,E
2504,R
2505,L
2506,U
2507,X
2508,l
2509,l
2510,f
2511,k
2512,n
2513,G
2514,e
2515,a
2516,F
2517,a
2518,N
2519,I
2520,T
2521,F
2522,X
2523,`
2524,\
2525,Y
2526,R
2527,Q
2528,Z
2529,X
2530,`
2531,O
2532,E
2533,j
2534,S
2535,^
2536,Y
2537,T
2538,S
2539,d
2540,]
2541,Z
2542,W
2543,a
2544,S
2545,W
2546,[
2547,S
2548,m
2549,f
2550,Z
2551,W
2552,T
2553,g
2554,f
2555,e
2556,P
2557,Z
2558,[
2559,O
2560,\
2561,m
2562,m
2563,T
2564,Y
2565,X
2566,V
2567,o
2568,W
2569,n
2570,X
2571,S
2572,X
2573,P
2574,X
2575,A
2576,T
2577,R
2578,T
2579,Y
2580,\
2581,Z
2582,]
2583,c
2584,a
2585,\
2586,B
2587,j
2588,K
2589,B
2590,V
2591,]
2592,S
2593,G
2594,W
2595,H
2596,W
2597,`
2598,a
2599,`
2600,N
2601,V
2602,X
2603,E
2604,K
2605,[
2606,X
2607,\
2608,d
2609,W
2610,[
2611,J
2612,d
2613,]
2614,]
2615,Y
2616,R
2617,T
2618,I
2619,W
2620,D
2621,O
2622,W
2623,Z
2624,k
2625,a
2626,Y
2627,b
2628,I
2629,K
2630,I
2631,V
2632,I
2633,K
2634,W
2635,g
2636,L
2637,g
2638,V
2639,j
2640,D
2641,P
2642,M
2643,b
2644,H
2645,\
2646,c
2647,Z
2648,H
2649,W
2650,_
2651,U
2652,T
2653,V
2654,T
2655,d
2656,M
2657,H
2658,V
2659,Y
2660,Y
2661,`
2662,d
2663,Z
2664,P
2665,`
2666,Z
2667,Y
2668,k
2669,W
2670,V
2671,j
2672,L
2673,_
2674,f
2675,g
2676,O
2677,V
2678,P
2679,^
2680,U
2681,g
2682,Z
2683,S
2684,I
2685,]
2686,\
2687,W
2688,M
2689,U
2690,e
2691,Z
2692,V
2693,S
2694,W
2695,O
2696,Z
2697,S
2698,g
2699,F
2700,e
2701,M
2702,c
2703,X
2704,M
2705,N
2706,W
2707,Y
2708,_
2709,]
2710,P
2711,B
2712,\
2713,W
2714,A
2715,\
2716,\
2717,F
2718,`
2719,T
2720,i
2721,[
2722,c
2723,\
2724,L
2725,\
2726,V
2727,H
2728,O
2729,l
2730,Z
2731,`
2732,E
2733,a
2734,Q
2735,X
2736,Y
2737,X
2738,`
2739,W
2740,L
2741,a
2742,Z
2743,P
2744,K
2745,Q
2746,c
2747,`
2748,K
2749,`
2750,O
2751,T
2752,S
2753,O
2754,W
2755,T
2756,_
2757,Y
2758,O
2759,Q
2760,^
2761,^
2762,T
2763,[
2764,Y
2765,g
2766,g
2767,n
2768,V
2769,Y
2770,M
2771,V
2772,q
2773,W
2774,I
2775,I
2776,c
2777,[
2778,`
2779,Z
2780,W
2781,d
2782,H
2783,O
2784,O
2785,a
2786,R
2787,[
2788,a
2789,G
2790,H
2791,Q
2792,`
2793,a
2794,Z
2795,B
2796,f
2797,W
2798,a
2799,N
2800,[
2801,K
2802,U
2803,[
2804,N
2805,H
2806,g
2807,Y
2808,U
2809,a
2810,d
2811,Y
2812,a
2813,W
2814,P
2815,P
2816,d
2817,X
2818,N
2819,[
2820,W
2821,_
2822,I
2823,X
2824,Y
2825,]
2826,]
2827,X
2828,U
2829,D
2830,W
2831,^
2832,_
2833,S
2834,\
2835,V
2836,`
2837,J
2838,_
2839,[
2840,Q
2841,Z
2842,X
2843,U
2844,\
2845,V
2846,Z
2847,X
2848,U
2849,Y
2850,[
2851,E
2852,n
2853,P
2854,_
2855,G
2856,I
2857,M
2858,J
2859,n
2860,S
2861,\
2862,e
2863,`
2864,^
2865,S
2866,N
2867,G
2868,]
2869,\
2870,f
2871,I
2872,S
2873,`
2874,L
2875,O
2876,M
2877,e
2878,T
2879,\
2880,N
2881,c
2882,a
2883,j
2884,Q
2885,]
2886,P
2887,S
2888,Y
2889,e
2890,F
2891,^
2892,S
2893,V
2894,G
2895,T
2896,N
2897,V
2898,c
2899,X
2900,J
2901,O
2902,]
2903,T
2904,[
2905,Z
2906,K
2907,T
2908,C
2909,^
2910,]
2911,O
2912,W
2913,H
2914,f
2915,j
2916,U
2917,`
2918,g
2919,O
2920,W
2921,U
2922,X
2923,b
2924,Y
2925,a
2926,W
2927,P
2928,W
2929,Z
2930,Y
2931,I
2932,T
2933,c
2934,i
2935,\
2936,I
2937,`
2938,e
2939,]
2940,W
2941,`
2942,b
2943,I
2944,P
2945,U
2946,f
2947,c
2948,V
2949,b
2950,a
2951,`
2952,`
2953,j
2954,e
2955,\
2956,P
2957,U
2958,F
2959,b
2960,]
2961,J
2962,I
2963,S
2964,T
2965,T
2966,W
2967,j
2968,O
2969,T
2970,W
2971,k
2972,L
2973,M
2974,S
2975,`
2976,^
2977,g
2978,\
2979,_
2980,R
2981,o
2982,[
2983,\
2984,V
2985,Z
2986,M
2987,k
2988,g
2989,M
2990,S
2991,g
2992,R
2993,W
2994,g
2995,m
2996,Y
2997,]
2998,O
2999,V
